--------------------------------------------------------
--  File created - Tuesday-August-04-2015   
--------------------------------------------------------
REM INSERTING into AEROLINEA.TBL_ASIENTOS
SET DEFINE OFF;
Insert into AEROLINEA.TBL_ASIENTOS (CODIGO_ASIENTO,ALIAS_ASIENTO,CODIGO_AVION,CODIGO_TIPO_ASIENTO) values (1,'A1',1,1);
Insert into AEROLINEA.TBL_ASIENTOS (CODIGO_ASIENTO,ALIAS_ASIENTO,CODIGO_AVION,CODIGO_TIPO_ASIENTO) values (2,'A2',1,2);
Insert into AEROLINEA.TBL_ASIENTOS (CODIGO_ASIENTO,ALIAS_ASIENTO,CODIGO_AVION,CODIGO_TIPO_ASIENTO) values (3,'A3',1,3);
Insert into AEROLINEA.TBL_ASIENTOS (CODIGO_ASIENTO,ALIAS_ASIENTO,CODIGO_AVION,CODIGO_TIPO_ASIENTO) values (4,'A4',1,4);
Insert into AEROLINEA.TBL_ASIENTOS (CODIGO_ASIENTO,ALIAS_ASIENTO,CODIGO_AVION,CODIGO_TIPO_ASIENTO) values (5,'A5',1,1);
Insert into AEROLINEA.TBL_ASIENTOS (CODIGO_ASIENTO,ALIAS_ASIENTO,CODIGO_AVION,CODIGO_TIPO_ASIENTO) values (6,'A6',1,2);
Insert into AEROLINEA.TBL_ASIENTOS (CODIGO_ASIENTO,ALIAS_ASIENTO,CODIGO_AVION,CODIGO_TIPO_ASIENTO) values (7,'A7',1,3);
Insert into AEROLINEA.TBL_ASIENTOS (CODIGO_ASIENTO,ALIAS_ASIENTO,CODIGO_AVION,CODIGO_TIPO_ASIENTO) values (8,'A8',1,4);
Insert into AEROLINEA.TBL_ASIENTOS (CODIGO_ASIENTO,ALIAS_ASIENTO,CODIGO_AVION,CODIGO_TIPO_ASIENTO) values (9,'A9',1,1);
Insert into AEROLINEA.TBL_ASIENTOS (CODIGO_ASIENTO,ALIAS_ASIENTO,CODIGO_AVION,CODIGO_TIPO_ASIENTO) values (10,'B0',2,2);
Insert into AEROLINEA.TBL_ASIENTOS (CODIGO_ASIENTO,ALIAS_ASIENTO,CODIGO_AVION,CODIGO_TIPO_ASIENTO) values (11,'B1',2,3);
Insert into AEROLINEA.TBL_ASIENTOS (CODIGO_ASIENTO,ALIAS_ASIENTO,CODIGO_AVION,CODIGO_TIPO_ASIENTO) values (12,'B2',2,4);
Insert into AEROLINEA.TBL_ASIENTOS (CODIGO_ASIENTO,ALIAS_ASIENTO,CODIGO_AVION,CODIGO_TIPO_ASIENTO) values (13,'B3',2,1);
Insert into AEROLINEA.TBL_ASIENTOS (CODIGO_ASIENTO,ALIAS_ASIENTO,CODIGO_AVION,CODIGO_TIPO_ASIENTO) values (14,'B4',2,2);
Insert into AEROLINEA.TBL_ASIENTOS (CODIGO_ASIENTO,ALIAS_ASIENTO,CODIGO_AVION,CODIGO_TIPO_ASIENTO) values (15,'B5',2,3);
Insert into AEROLINEA.TBL_ASIENTOS (CODIGO_ASIENTO,ALIAS_ASIENTO,CODIGO_AVION,CODIGO_TIPO_ASIENTO) values (16,'B6',2,4);
Insert into AEROLINEA.TBL_ASIENTOS (CODIGO_ASIENTO,ALIAS_ASIENTO,CODIGO_AVION,CODIGO_TIPO_ASIENTO) values (17,'B7',2,1);
Insert into AEROLINEA.TBL_ASIENTOS (CODIGO_ASIENTO,ALIAS_ASIENTO,CODIGO_AVION,CODIGO_TIPO_ASIENTO) values (18,'B8',2,2);
Insert into AEROLINEA.TBL_ASIENTOS (CODIGO_ASIENTO,ALIAS_ASIENTO,CODIGO_AVION,CODIGO_TIPO_ASIENTO) values (19,'B9',2,3);
Insert into AEROLINEA.TBL_ASIENTOS (CODIGO_ASIENTO,ALIAS_ASIENTO,CODIGO_AVION,CODIGO_TIPO_ASIENTO) values (20,'C0',3,4);
Insert into AEROLINEA.TBL_ASIENTOS (CODIGO_ASIENTO,ALIAS_ASIENTO,CODIGO_AVION,CODIGO_TIPO_ASIENTO) values (21,'C1',3,1);
Insert into AEROLINEA.TBL_ASIENTOS (CODIGO_ASIENTO,ALIAS_ASIENTO,CODIGO_AVION,CODIGO_TIPO_ASIENTO) values (22,'C2',3,2);
Insert into AEROLINEA.TBL_ASIENTOS (CODIGO_ASIENTO,ALIAS_ASIENTO,CODIGO_AVION,CODIGO_TIPO_ASIENTO) values (23,'C3',3,3);
Insert into AEROLINEA.TBL_ASIENTOS (CODIGO_ASIENTO,ALIAS_ASIENTO,CODIGO_AVION,CODIGO_TIPO_ASIENTO) values (24,'C4',3,4);
Insert into AEROLINEA.TBL_ASIENTOS (CODIGO_ASIENTO,ALIAS_ASIENTO,CODIGO_AVION,CODIGO_TIPO_ASIENTO) values (25,'C5',3,1);
Insert into AEROLINEA.TBL_ASIENTOS (CODIGO_ASIENTO,ALIAS_ASIENTO,CODIGO_AVION,CODIGO_TIPO_ASIENTO) values (26,'C6',3,2);
Insert into AEROLINEA.TBL_ASIENTOS (CODIGO_ASIENTO,ALIAS_ASIENTO,CODIGO_AVION,CODIGO_TIPO_ASIENTO) values (27,'C7',3,3);
Insert into AEROLINEA.TBL_ASIENTOS (CODIGO_ASIENTO,ALIAS_ASIENTO,CODIGO_AVION,CODIGO_TIPO_ASIENTO) values (28,'C8',3,4);
Insert into AEROLINEA.TBL_ASIENTOS (CODIGO_ASIENTO,ALIAS_ASIENTO,CODIGO_AVION,CODIGO_TIPO_ASIENTO) values (29,'C9',3,1);
Insert into AEROLINEA.TBL_ASIENTOS (CODIGO_ASIENTO,ALIAS_ASIENTO,CODIGO_AVION,CODIGO_TIPO_ASIENTO) values (30,'D0',4,2);
Insert into AEROLINEA.TBL_ASIENTOS (CODIGO_ASIENTO,ALIAS_ASIENTO,CODIGO_AVION,CODIGO_TIPO_ASIENTO) values (31,'D1',4,3);
Insert into AEROLINEA.TBL_ASIENTOS (CODIGO_ASIENTO,ALIAS_ASIENTO,CODIGO_AVION,CODIGO_TIPO_ASIENTO) values (32,'D2',4,4);
Insert into AEROLINEA.TBL_ASIENTOS (CODIGO_ASIENTO,ALIAS_ASIENTO,CODIGO_AVION,CODIGO_TIPO_ASIENTO) values (33,'D3',4,1);
Insert into AEROLINEA.TBL_ASIENTOS (CODIGO_ASIENTO,ALIAS_ASIENTO,CODIGO_AVION,CODIGO_TIPO_ASIENTO) values (34,'D4',4,2);
Insert into AEROLINEA.TBL_ASIENTOS (CODIGO_ASIENTO,ALIAS_ASIENTO,CODIGO_AVION,CODIGO_TIPO_ASIENTO) values (35,'D5',4,3);
Insert into AEROLINEA.TBL_ASIENTOS (CODIGO_ASIENTO,ALIAS_ASIENTO,CODIGO_AVION,CODIGO_TIPO_ASIENTO) values (36,'D6',4,4);
Insert into AEROLINEA.TBL_ASIENTOS (CODIGO_ASIENTO,ALIAS_ASIENTO,CODIGO_AVION,CODIGO_TIPO_ASIENTO) values (37,'D7',4,1);
Insert into AEROLINEA.TBL_ASIENTOS (CODIGO_ASIENTO,ALIAS_ASIENTO,CODIGO_AVION,CODIGO_TIPO_ASIENTO) values (38,'D8',4,2);
Insert into AEROLINEA.TBL_ASIENTOS (CODIGO_ASIENTO,ALIAS_ASIENTO,CODIGO_AVION,CODIGO_TIPO_ASIENTO) values (39,'D9',4,3);
Insert into AEROLINEA.TBL_ASIENTOS (CODIGO_ASIENTO,ALIAS_ASIENTO,CODIGO_AVION,CODIGO_TIPO_ASIENTO) values (40,'E0',4,4);
REM INSERTING into AEROLINEA.TBL_AVIONES
SET DEFINE OFF;
Insert into AEROLINEA.TBL_AVIONES (CODIGO_AVION,REGISTRO,CANTIDAD_ASIENTOS,CODIGO_MARCA,CODIGO_MODELO) values (1,'ABC',100,1,6);
Insert into AEROLINEA.TBL_AVIONES (CODIGO_AVION,REGISTRO,CANTIDAD_ASIENTOS,CODIGO_MARCA,CODIGO_MODELO) values (2,'DEF',150,2,1);
Insert into AEROLINEA.TBL_AVIONES (CODIGO_AVION,REGISTRO,CANTIDAD_ASIENTOS,CODIGO_MARCA,CODIGO_MODELO) values (3,'GHI',200,3,5);
Insert into AEROLINEA.TBL_AVIONES (CODIGO_AVION,REGISTRO,CANTIDAD_ASIENTOS,CODIGO_MARCA,CODIGO_MODELO) values (4,'JKL',250,4,4);
Insert into AEROLINEA.TBL_AVIONES (CODIGO_AVION,REGISTRO,CANTIDAD_ASIENTOS,CODIGO_MARCA,CODIGO_MODELO) values (5,'MNO',50,5,3);
Insert into AEROLINEA.TBL_AVIONES (CODIGO_AVION,REGISTRO,CANTIDAD_ASIENTOS,CODIGO_MARCA,CODIGO_MODELO) values (6,'PQR',100,6,2);
REM INSERTING into AEROLINEA.TBL_CARGOS_TRIPULANTES
SET DEFINE OFF;
Insert into AEROLINEA.TBL_CARGOS_TRIPULANTES (CODIGO_CARGO,NOMBRE_CARGO) values (1,'Piloto');
Insert into AEROLINEA.TBL_CARGOS_TRIPULANTES (CODIGO_CARGO,NOMBRE_CARGO) values (2,'Copiloto');
Insert into AEROLINEA.TBL_CARGOS_TRIPULANTES (CODIGO_CARGO,NOMBRE_CARGO) values (3,'Aeromos@');
Insert into AEROLINEA.TBL_CARGOS_TRIPULANTES (CODIGO_CARGO,NOMBRE_CARGO) values (4,'Mecanico');
REM INSERTING into AEROLINEA.TBL_CLASES_SOCIALES
SET DEFINE OFF;
Insert into AEROLINEA.TBL_CLASES_SOCIALES (CODIGO_CLASE,NOMBRE_CLASE) values (1,'Clase A');
Insert into AEROLINEA.TBL_CLASES_SOCIALES (CODIGO_CLASE,NOMBRE_CLASE) values (2,'Clase B');
Insert into AEROLINEA.TBL_CLASES_SOCIALES (CODIGO_CLASE,NOMBRE_CLASE) values (3,'Clase C');
REM INSERTING into AEROLINEA.TBL_FACTURA_DETALLE
SET DEFINE OFF;
Insert into AEROLINEA.TBL_FACTURA_DETALLE (CODIGO_FACTURA,CODIGO_VUELO,CODIGO_CLASE,CODIGO_PASAJERO,CODIGO_ASIENTO,TICKET,COSTO_TICKET,DESCUENTO) values (1,1,1,1,1,'a',100,23);
Insert into AEROLINEA.TBL_FACTURA_DETALLE (CODIGO_FACTURA,CODIGO_VUELO,CODIGO_CLASE,CODIGO_PASAJERO,CODIGO_ASIENTO,TICKET,COSTO_TICKET,DESCUENTO) values (1,1,2,2,2,'b',234,45);
Insert into AEROLINEA.TBL_FACTURA_DETALLE (CODIGO_FACTURA,CODIGO_VUELO,CODIGO_CLASE,CODIGO_PASAJERO,CODIGO_ASIENTO,TICKET,COSTO_TICKET,DESCUENTO) values (1,1,3,3,3,'c',456,65);
Insert into AEROLINEA.TBL_FACTURA_DETALLE (CODIGO_FACTURA,CODIGO_VUELO,CODIGO_CLASE,CODIGO_PASAJERO,CODIGO_ASIENTO,TICKET,COSTO_TICKET,DESCUENTO) values (1,1,1,4,4,'d',234,65);
Insert into AEROLINEA.TBL_FACTURA_DETALLE (CODIGO_FACTURA,CODIGO_VUELO,CODIGO_CLASE,CODIGO_PASAJERO,CODIGO_ASIENTO,TICKET,COSTO_TICKET,DESCUENTO) values (1,1,1,5,5,'e',657,34);
Insert into AEROLINEA.TBL_FACTURA_DETALLE (CODIGO_FACTURA,CODIGO_VUELO,CODIGO_CLASE,CODIGO_PASAJERO,CODIGO_ASIENTO,TICKET,COSTO_TICKET,DESCUENTO) values (2,1,2,6,6,'f',678,65);
Insert into AEROLINEA.TBL_FACTURA_DETALLE (CODIGO_FACTURA,CODIGO_VUELO,CODIGO_CLASE,CODIGO_PASAJERO,CODIGO_ASIENTO,TICKET,COSTO_TICKET,DESCUENTO) values (2,1,3,7,7,'g',213,76);
Insert into AEROLINEA.TBL_FACTURA_DETALLE (CODIGO_FACTURA,CODIGO_VUELO,CODIGO_CLASE,CODIGO_PASAJERO,CODIGO_ASIENTO,TICKET,COSTO_TICKET,DESCUENTO) values (2,1,1,8,8,'h',546,23);
Insert into AEROLINEA.TBL_FACTURA_DETALLE (CODIGO_FACTURA,CODIGO_VUELO,CODIGO_CLASE,CODIGO_PASAJERO,CODIGO_ASIENTO,TICKET,COSTO_TICKET,DESCUENTO) values (2,2,1,9,10,'i',457,78);
Insert into AEROLINEA.TBL_FACTURA_DETALLE (CODIGO_FACTURA,CODIGO_VUELO,CODIGO_CLASE,CODIGO_PASAJERO,CODIGO_ASIENTO,TICKET,COSTO_TICKET,DESCUENTO) values (2,2,2,10,12,'j',456,56);
Insert into AEROLINEA.TBL_FACTURA_DETALLE (CODIGO_FACTURA,CODIGO_VUELO,CODIGO_CLASE,CODIGO_PASAJERO,CODIGO_ASIENTO,TICKET,COSTO_TICKET,DESCUENTO) values (3,2,3,11,20,'k',998,34);
Insert into AEROLINEA.TBL_FACTURA_DETALLE (CODIGO_FACTURA,CODIGO_VUELO,CODIGO_CLASE,CODIGO_PASAJERO,CODIGO_ASIENTO,TICKET,COSTO_TICKET,DESCUENTO) values (3,2,3,12,30,'l',68,23);
Insert into AEROLINEA.TBL_FACTURA_DETALLE (CODIGO_FACTURA,CODIGO_VUELO,CODIGO_CLASE,CODIGO_PASAJERO,CODIGO_ASIENTO,TICKET,COSTO_TICKET,DESCUENTO) values (3,2,1,13,9,'m',687,45);
Insert into AEROLINEA.TBL_FACTURA_DETALLE (CODIGO_FACTURA,CODIGO_VUELO,CODIGO_CLASE,CODIGO_PASAJERO,CODIGO_ASIENTO,TICKET,COSTO_TICKET,DESCUENTO) values (3,2,2,14,6,'n',567,56);
Insert into AEROLINEA.TBL_FACTURA_DETALLE (CODIGO_FACTURA,CODIGO_VUELO,CODIGO_CLASE,CODIGO_PASAJERO,CODIGO_ASIENTO,TICKET,COSTO_TICKET,DESCUENTO) values (4,2,3,15,11,'o',997,43);
Insert into AEROLINEA.TBL_FACTURA_DETALLE (CODIGO_FACTURA,CODIGO_VUELO,CODIGO_CLASE,CODIGO_PASAJERO,CODIGO_ASIENTO,TICKET,COSTO_TICKET,DESCUENTO) values (4,3,3,16,13,'p',678,23);
Insert into AEROLINEA.TBL_FACTURA_DETALLE (CODIGO_FACTURA,CODIGO_VUELO,CODIGO_CLASE,CODIGO_PASAJERO,CODIGO_ASIENTO,TICKET,COSTO_TICKET,DESCUENTO) values (4,3,1,17,15,'q',645,45);
Insert into AEROLINEA.TBL_FACTURA_DETALLE (CODIGO_FACTURA,CODIGO_VUELO,CODIGO_CLASE,CODIGO_PASAJERO,CODIGO_ASIENTO,TICKET,COSTO_TICKET,DESCUENTO) values (4,3,2,18,18,'r',342,67);
REM INSERTING into AEROLINEA.TBL_FACTURAS
SET DEFINE OFF;
Insert into AEROLINEA.TBL_FACTURAS (CODIGO_FACTURA,COSTO_TOTAL,TOTAL_IMPUESTOS,FECHA,FACTURADO) values (1,12345,1234,to_date('17-AUG-15','DD-MON-RR'),'S');
Insert into AEROLINEA.TBL_FACTURAS (CODIGO_FACTURA,COSTO_TOTAL,TOTAL_IMPUESTOS,FECHA,FACTURADO) values (2,4543,453,to_date('25-AUG-15','DD-MON-RR'),'S');
Insert into AEROLINEA.TBL_FACTURAS (CODIGO_FACTURA,COSTO_TOTAL,TOTAL_IMPUESTOS,FECHA,FACTURADO) values (3,43667,333,to_date('09-AUG-15','DD-MON-RR'),'S');
Insert into AEROLINEA.TBL_FACTURAS (CODIGO_FACTURA,COSTO_TOTAL,TOTAL_IMPUESTOS,FECHA,FACTURADO) values (4,5677,1234,to_date('20-AUG-15','DD-MON-RR'),'S');
REM INSERTING into AEROLINEA.TBL_MARCAS
SET DEFINE OFF;
Insert into AEROLINEA.TBL_MARCAS (CODIGO_MARCA,NOMBRE_MARCA) values (1,'Marca 1');
Insert into AEROLINEA.TBL_MARCAS (CODIGO_MARCA,NOMBRE_MARCA) values (2,'Marca 2');
Insert into AEROLINEA.TBL_MARCAS (CODIGO_MARCA,NOMBRE_MARCA) values (3,'Marca 3');
Insert into AEROLINEA.TBL_MARCAS (CODIGO_MARCA,NOMBRE_MARCA) values (4,'Marca 4');
Insert into AEROLINEA.TBL_MARCAS (CODIGO_MARCA,NOMBRE_MARCA) values (5,'Marca 5');
Insert into AEROLINEA.TBL_MARCAS (CODIGO_MARCA,NOMBRE_MARCA) values (6,'Marca 6');
REM INSERTING into AEROLINEA.TBL_MODELOS
SET DEFINE OFF;
Insert into AEROLINEA.TBL_MODELOS (CODIGO_MODELO,NOMBRE_MODELO) values (1,'Modelo 1');
Insert into AEROLINEA.TBL_MODELOS (CODIGO_MODELO,NOMBRE_MODELO) values (2,'Modelo 2');
Insert into AEROLINEA.TBL_MODELOS (CODIGO_MODELO,NOMBRE_MODELO) values (3,'Modelo 3');
Insert into AEROLINEA.TBL_MODELOS (CODIGO_MODELO,NOMBRE_MODELO) values (4,'Modelo 4');
Insert into AEROLINEA.TBL_MODELOS (CODIGO_MODELO,NOMBRE_MODELO) values (5,'Modelo 5');
Insert into AEROLINEA.TBL_MODELOS (CODIGO_MODELO,NOMBRE_MODELO) values (6,'Modelo 6');
REM INSERTING into AEROLINEA.TBL_PASAJEROS
SET DEFINE OFF;
Insert into AEROLINEA.TBL_PASAJEROS (CODIGO_PASAJERO,NOMBRE,APELLIDO,EDAD,GENERO) values (1,'Pasajero 1','Apellido',12,'F');
Insert into AEROLINEA.TBL_PASAJEROS (CODIGO_PASAJERO,NOMBRE,APELLIDO,EDAD,GENERO) values (2,'Pasajero 2','Apellido',34,'F');
Insert into AEROLINEA.TBL_PASAJEROS (CODIGO_PASAJERO,NOMBRE,APELLIDO,EDAD,GENERO) values (3,'Pasajero 3','Apellido',43,'F');
Insert into AEROLINEA.TBL_PASAJEROS (CODIGO_PASAJERO,NOMBRE,APELLIDO,EDAD,GENERO) values (4,'Pasajero 4','Apellido',65,'F');
Insert into AEROLINEA.TBL_PASAJEROS (CODIGO_PASAJERO,NOMBRE,APELLIDO,EDAD,GENERO) values (5,'Pasajero 5','Apellido',66,'F');
Insert into AEROLINEA.TBL_PASAJEROS (CODIGO_PASAJERO,NOMBRE,APELLIDO,EDAD,GENERO) values (6,'Pasajero 6','Apellido',43,'F');
Insert into AEROLINEA.TBL_PASAJEROS (CODIGO_PASAJERO,NOMBRE,APELLIDO,EDAD,GENERO) values (7,'Pasajero 7','Apellido',45,'F');
Insert into AEROLINEA.TBL_PASAJEROS (CODIGO_PASAJERO,NOMBRE,APELLIDO,EDAD,GENERO) values (8,'Pasajero 8','Apellido',23,'F');
Insert into AEROLINEA.TBL_PASAJEROS (CODIGO_PASAJERO,NOMBRE,APELLIDO,EDAD,GENERO) values (9,'Pasajero 9','Apellido',54,'F');
Insert into AEROLINEA.TBL_PASAJEROS (CODIGO_PASAJERO,NOMBRE,APELLIDO,EDAD,GENERO) values (10,'Pasajero 10','Apellido',55,'M');
Insert into AEROLINEA.TBL_PASAJEROS (CODIGO_PASAJERO,NOMBRE,APELLIDO,EDAD,GENERO) values (11,'Pasajero 11','Apellido',66,'M');
Insert into AEROLINEA.TBL_PASAJEROS (CODIGO_PASAJERO,NOMBRE,APELLIDO,EDAD,GENERO) values (12,'Pasajero 12','Apellido',44,'M');
Insert into AEROLINEA.TBL_PASAJEROS (CODIGO_PASAJERO,NOMBRE,APELLIDO,EDAD,GENERO) values (13,'Pasajero 13','Apellido',33,'M');
Insert into AEROLINEA.TBL_PASAJEROS (CODIGO_PASAJERO,NOMBRE,APELLIDO,EDAD,GENERO) values (14,'Pasajero 14','Apellido',23,'M');
Insert into AEROLINEA.TBL_PASAJEROS (CODIGO_PASAJERO,NOMBRE,APELLIDO,EDAD,GENERO) values (15,'Pasajero 15','Apellido',45,'M');
Insert into AEROLINEA.TBL_PASAJEROS (CODIGO_PASAJERO,NOMBRE,APELLIDO,EDAD,GENERO) values (16,'Pasajero 16','Apellido',65,'M');
Insert into AEROLINEA.TBL_PASAJEROS (CODIGO_PASAJERO,NOMBRE,APELLIDO,EDAD,GENERO) values (17,'Pasajero 17','Apellido',76,'M');
Insert into AEROLINEA.TBL_PASAJEROS (CODIGO_PASAJERO,NOMBRE,APELLIDO,EDAD,GENERO) values (18,'Pasajero 18','Apellido',34,'M');
Insert into AEROLINEA.TBL_PASAJEROS (CODIGO_PASAJERO,NOMBRE,APELLIDO,EDAD,GENERO) values (19,'Pasajero 19','Apellido',12,'M');
Insert into AEROLINEA.TBL_PASAJEROS (CODIGO_PASAJERO,NOMBRE,APELLIDO,EDAD,GENERO) values (20,'Pasajero 20','Apellido',43,'F');
Insert into AEROLINEA.TBL_PASAJEROS (CODIGO_PASAJERO,NOMBRE,APELLIDO,EDAD,GENERO) values (21,'Pasajero 21','Apellido',55,'F');
Insert into AEROLINEA.TBL_PASAJEROS (CODIGO_PASAJERO,NOMBRE,APELLIDO,EDAD,GENERO) values (22,'Pasajero 22','Apellido',66,'F');
Insert into AEROLINEA.TBL_PASAJEROS (CODIGO_PASAJERO,NOMBRE,APELLIDO,EDAD,GENERO) values (23,'Pasajero 23','Apellido',77,'F');
Insert into AEROLINEA.TBL_PASAJEROS (CODIGO_PASAJERO,NOMBRE,APELLIDO,EDAD,GENERO) values (24,'Pasajero 24','Apellido',33,'F');
Insert into AEROLINEA.TBL_PASAJEROS (CODIGO_PASAJERO,NOMBRE,APELLIDO,EDAD,GENERO) values (25,'Pasajero 25','Apellido',23,'F');
Insert into AEROLINEA.TBL_PASAJEROS (CODIGO_PASAJERO,NOMBRE,APELLIDO,EDAD,GENERO) values (26,'Pasajero 26','Apellido',34,'F');
Insert into AEROLINEA.TBL_PASAJEROS (CODIGO_PASAJERO,NOMBRE,APELLIDO,EDAD,GENERO) values (27,'Pasajero 27','Apellido',54,'M');
Insert into AEROLINEA.TBL_PASAJEROS (CODIGO_PASAJERO,NOMBRE,APELLIDO,EDAD,GENERO) values (28,'Pasajero 28','Apellido',65,'M');
Insert into AEROLINEA.TBL_PASAJEROS (CODIGO_PASAJERO,NOMBRE,APELLIDO,EDAD,GENERO) values (29,'Pasajero 29','Apellido',76,'M');
Insert into AEROLINEA.TBL_PASAJEROS (CODIGO_PASAJERO,NOMBRE,APELLIDO,EDAD,GENERO) values (30,'Pasajero 30','Apellido',34,'M');
REM INSERTING into AEROLINEA.TBL_PUNTO_ESCALA
SET DEFINE OFF;
Insert into AEROLINEA.TBL_PUNTO_ESCALA (CODIGO_PUNTO,NOMBRE_PUNTO,LONGITUD,LATITUD) values (1,'La Esperanza Intibuca',123,2345);
Insert into AEROLINEA.TBL_PUNTO_ESCALA (CODIGO_PUNTO,NOMBRE_PUNTO,LONGITUD,LATITUD) values (2,'Marcala',456,657);
Insert into AEROLINEA.TBL_PUNTO_ESCALA (CODIGO_PUNTO,NOMBRE_PUNTO,LONGITUD,LATITUD) values (3,'La Paz',789,87975);
Insert into AEROLINEA.TBL_PUNTO_ESCALA (CODIGO_PUNTO,NOMBRE_PUNTO,LONGITUD,LATITUD) values (4,'Siguatepeque',101,4563);
Insert into AEROLINEA.TBL_PUNTO_ESCALA (CODIGO_PUNTO,NOMBRE_PUNTO,LONGITUD,LATITUD) values (5,'Danli',1234,234);
Insert into AEROLINEA.TBL_PUNTO_ESCALA (CODIGO_PUNTO,NOMBRE_PUNTO,LONGITUD,LATITUD) values (6,'San Pedro Sula',12435,345);
Insert into AEROLINEA.TBL_PUNTO_ESCALA (CODIGO_PUNTO,NOMBRE_PUNTO,LONGITUD,LATITUD) values (7,'Cortes',5675,47567);
Insert into AEROLINEA.TBL_PUNTO_ESCALA (CODIGO_PUNTO,NOMBRE_PUNTO,LONGITUD,LATITUD) values (8,'Comayagua',786,567);
Insert into AEROLINEA.TBL_PUNTO_ESCALA (CODIGO_PUNTO,NOMBRE_PUNTO,LONGITUD,LATITUD) values (9,'Tegucigalpa',789,876);
Insert into AEROLINEA.TBL_PUNTO_ESCALA (CODIGO_PUNTO,NOMBRE_PUNTO,LONGITUD,LATITUD) values (10,'Lempira',567,2341);
Insert into AEROLINEA.TBL_PUNTO_ESCALA (CODIGO_PUNTO,NOMBRE_PUNTO,LONGITUD,LATITUD) values (11,'San Lorenzo',563,3656);
Insert into AEROLINEA.TBL_PUNTO_ESCALA (CODIGO_PUNTO,NOMBRE_PUNTO,LONGITUD,LATITUD) values (12,'Valle de Angeles',4783,3457);
Insert into AEROLINEA.TBL_PUNTO_ESCALA (CODIGO_PUNTO,NOMBRE_PUNTO,LONGITUD,LATITUD) values (13,'El Zamorano',57578,67867);
REM INSERTING into AEROLINEA.TBL_PUNTOS_X_RUTAS
SET DEFINE OFF;
Insert into AEROLINEA.TBL_PUNTOS_X_RUTAS (CODIGO_RUTA,CODIGO_PUNTO,ORDEN_RUTA) values (1,1,1);
Insert into AEROLINEA.TBL_PUNTOS_X_RUTAS (CODIGO_RUTA,CODIGO_PUNTO,ORDEN_RUTA) values (1,2,2);
Insert into AEROLINEA.TBL_PUNTOS_X_RUTAS (CODIGO_RUTA,CODIGO_PUNTO,ORDEN_RUTA) values (1,3,3);
Insert into AEROLINEA.TBL_PUNTOS_X_RUTAS (CODIGO_RUTA,CODIGO_PUNTO,ORDEN_RUTA) values (1,4,4);
Insert into AEROLINEA.TBL_PUNTOS_X_RUTAS (CODIGO_RUTA,CODIGO_PUNTO,ORDEN_RUTA) values (1,5,5);
Insert into AEROLINEA.TBL_PUNTOS_X_RUTAS (CODIGO_RUTA,CODIGO_PUNTO,ORDEN_RUTA) values (1,6,5);
Insert into AEROLINEA.TBL_PUNTOS_X_RUTAS (CODIGO_RUTA,CODIGO_PUNTO,ORDEN_RUTA) values (1,7,6);
Insert into AEROLINEA.TBL_PUNTOS_X_RUTAS (CODIGO_RUTA,CODIGO_PUNTO,ORDEN_RUTA) values (1,8,7);
Insert into AEROLINEA.TBL_PUNTOS_X_RUTAS (CODIGO_RUTA,CODIGO_PUNTO,ORDEN_RUTA) values (1,9,8);
Insert into AEROLINEA.TBL_PUNTOS_X_RUTAS (CODIGO_RUTA,CODIGO_PUNTO,ORDEN_RUTA) values (1,10,9);
Insert into AEROLINEA.TBL_PUNTOS_X_RUTAS (CODIGO_RUTA,CODIGO_PUNTO,ORDEN_RUTA) values (1,11,10);
Insert into AEROLINEA.TBL_PUNTOS_X_RUTAS (CODIGO_RUTA,CODIGO_PUNTO,ORDEN_RUTA) values (1,12,11);
Insert into AEROLINEA.TBL_PUNTOS_X_RUTAS (CODIGO_RUTA,CODIGO_PUNTO,ORDEN_RUTA) values (1,13,12);
Insert into AEROLINEA.TBL_PUNTOS_X_RUTAS (CODIGO_RUTA,CODIGO_PUNTO,ORDEN_RUTA) values (2,1,1);
Insert into AEROLINEA.TBL_PUNTOS_X_RUTAS (CODIGO_RUTA,CODIGO_PUNTO,ORDEN_RUTA) values (2,2,2);
Insert into AEROLINEA.TBL_PUNTOS_X_RUTAS (CODIGO_RUTA,CODIGO_PUNTO,ORDEN_RUTA) values (2,3,3);
Insert into AEROLINEA.TBL_PUNTOS_X_RUTAS (CODIGO_RUTA,CODIGO_PUNTO,ORDEN_RUTA) values (2,4,4);
Insert into AEROLINEA.TBL_PUNTOS_X_RUTAS (CODIGO_RUTA,CODIGO_PUNTO,ORDEN_RUTA) values (2,5,5);
Insert into AEROLINEA.TBL_PUNTOS_X_RUTAS (CODIGO_RUTA,CODIGO_PUNTO,ORDEN_RUTA) values (2,6,6);
Insert into AEROLINEA.TBL_PUNTOS_X_RUTAS (CODIGO_RUTA,CODIGO_PUNTO,ORDEN_RUTA) values (2,7,7);
Insert into AEROLINEA.TBL_PUNTOS_X_RUTAS (CODIGO_RUTA,CODIGO_PUNTO,ORDEN_RUTA) values (2,8,8);
Insert into AEROLINEA.TBL_PUNTOS_X_RUTAS (CODIGO_RUTA,CODIGO_PUNTO,ORDEN_RUTA) values (3,1,1);
Insert into AEROLINEA.TBL_PUNTOS_X_RUTAS (CODIGO_RUTA,CODIGO_PUNTO,ORDEN_RUTA) values (3,2,2);
Insert into AEROLINEA.TBL_PUNTOS_X_RUTAS (CODIGO_RUTA,CODIGO_PUNTO,ORDEN_RUTA) values (3,3,3);
Insert into AEROLINEA.TBL_PUNTOS_X_RUTAS (CODIGO_RUTA,CODIGO_PUNTO,ORDEN_RUTA) values (3,4,4);
Insert into AEROLINEA.TBL_PUNTOS_X_RUTAS (CODIGO_RUTA,CODIGO_PUNTO,ORDEN_RUTA) values (3,5,5);
Insert into AEROLINEA.TBL_PUNTOS_X_RUTAS (CODIGO_RUTA,CODIGO_PUNTO,ORDEN_RUTA) values (3,6,6);
Insert into AEROLINEA.TBL_PUNTOS_X_RUTAS (CODIGO_RUTA,CODIGO_PUNTO,ORDEN_RUTA) values (3,7,7);
Insert into AEROLINEA.TBL_PUNTOS_X_RUTAS (CODIGO_RUTA,CODIGO_PUNTO,ORDEN_RUTA) values (3,8,8);
Insert into AEROLINEA.TBL_PUNTOS_X_RUTAS (CODIGO_RUTA,CODIGO_PUNTO,ORDEN_RUTA) values (4,1,1);
Insert into AEROLINEA.TBL_PUNTOS_X_RUTAS (CODIGO_RUTA,CODIGO_PUNTO,ORDEN_RUTA) values (4,2,2);
Insert into AEROLINEA.TBL_PUNTOS_X_RUTAS (CODIGO_RUTA,CODIGO_PUNTO,ORDEN_RUTA) values (4,3,3);
Insert into AEROLINEA.TBL_PUNTOS_X_RUTAS (CODIGO_RUTA,CODIGO_PUNTO,ORDEN_RUTA) values (4,4,4);
Insert into AEROLINEA.TBL_PUNTOS_X_RUTAS (CODIGO_RUTA,CODIGO_PUNTO,ORDEN_RUTA) values (4,5,5);
Insert into AEROLINEA.TBL_PUNTOS_X_RUTAS (CODIGO_RUTA,CODIGO_PUNTO,ORDEN_RUTA) values (4,7,6);
REM INSERTING into AEROLINEA.TBL_RUTAS
SET DEFINE OFF;
Insert into AEROLINEA.TBL_RUTAS (CODIGO_RUTA,ALIAS_RUTA,TIEMPO_PROMEDIO_MINUTOS) values (1,'Ruta 1',150);
Insert into AEROLINEA.TBL_RUTAS (CODIGO_RUTA,ALIAS_RUTA,TIEMPO_PROMEDIO_MINUTOS) values (2,'Ruta 2',250);
Insert into AEROLINEA.TBL_RUTAS (CODIGO_RUTA,ALIAS_RUTA,TIEMPO_PROMEDIO_MINUTOS) values (3,'Ruta 3',100);
Insert into AEROLINEA.TBL_RUTAS (CODIGO_RUTA,ALIAS_RUTA,TIEMPO_PROMEDIO_MINUTOS) values (4,'Ruta 4',60);
REM INSERTING into AEROLINEA.TBL_TIPOS_ASIENTOS
SET DEFINE OFF;
Insert into AEROLINEA.TBL_TIPOS_ASIENTOS (CODIGO_TIPO_ASIENTO,TIPO_ASIENTO) values (1,'Ventana izquierda');
Insert into AEROLINEA.TBL_TIPOS_ASIENTOS (CODIGO_TIPO_ASIENTO,TIPO_ASIENTO) values (2,'Ventana Derecha');
Insert into AEROLINEA.TBL_TIPOS_ASIENTOS (CODIGO_TIPO_ASIENTO,TIPO_ASIENTO) values (3,'Centro');
Insert into AEROLINEA.TBL_TIPOS_ASIENTOS (CODIGO_TIPO_ASIENTO,TIPO_ASIENTO) values (4,'VIP');
REM INSERTING into AEROLINEA.TBL_TRIPULACION
SET DEFINE OFF;
Insert into AEROLINEA.TBL_TRIPULACION (CODIGO_TRIPULANTE,NOMBRE,CODIGO_TRIPULANTE_SUPERIOR,CODIGO_CARGO) values (1,'Juan',null,1);
Insert into AEROLINEA.TBL_TRIPULACION (CODIGO_TRIPULANTE,NOMBRE,CODIGO_TRIPULANTE_SUPERIOR,CODIGO_CARGO) values (2,'Maria',1,2);
Insert into AEROLINEA.TBL_TRIPULACION (CODIGO_TRIPULANTE,NOMBRE,CODIGO_TRIPULANTE_SUPERIOR,CODIGO_CARGO) values (3,'Fernando',1,3);
Insert into AEROLINEA.TBL_TRIPULACION (CODIGO_TRIPULANTE,NOMBRE,CODIGO_TRIPULANTE_SUPERIOR,CODIGO_CARGO) values (4,'Laura',1,4);
REM INSERTING into AEROLINEA.TBL_TRIPULACION_X_VUELOS
SET DEFINE OFF;
Insert into AEROLINEA.TBL_TRIPULACION_X_VUELOS (CODIGO_VUELO,CODIGO_TRIPULANTE) values (1,1);
Insert into AEROLINEA.TBL_TRIPULACION_X_VUELOS (CODIGO_VUELO,CODIGO_TRIPULANTE) values (1,2);
Insert into AEROLINEA.TBL_TRIPULACION_X_VUELOS (CODIGO_VUELO,CODIGO_TRIPULANTE) values (1,3);
Insert into AEROLINEA.TBL_TRIPULACION_X_VUELOS (CODIGO_VUELO,CODIGO_TRIPULANTE) values (1,4);
Insert into AEROLINEA.TBL_TRIPULACION_X_VUELOS (CODIGO_VUELO,CODIGO_TRIPULANTE) values (2,1);
Insert into AEROLINEA.TBL_TRIPULACION_X_VUELOS (CODIGO_VUELO,CODIGO_TRIPULANTE) values (2,2);
Insert into AEROLINEA.TBL_TRIPULACION_X_VUELOS (CODIGO_VUELO,CODIGO_TRIPULANTE) values (2,3);
Insert into AEROLINEA.TBL_TRIPULACION_X_VUELOS (CODIGO_VUELO,CODIGO_TRIPULANTE) values (2,4);
Insert into AEROLINEA.TBL_TRIPULACION_X_VUELOS (CODIGO_VUELO,CODIGO_TRIPULANTE) values (3,1);
Insert into AEROLINEA.TBL_TRIPULACION_X_VUELOS (CODIGO_VUELO,CODIGO_TRIPULANTE) values (3,2);
Insert into AEROLINEA.TBL_TRIPULACION_X_VUELOS (CODIGO_VUELO,CODIGO_TRIPULANTE) values (3,3);
Insert into AEROLINEA.TBL_TRIPULACION_X_VUELOS (CODIGO_VUELO,CODIGO_TRIPULANTE) values (3,4);
Insert into AEROLINEA.TBL_TRIPULACION_X_VUELOS (CODIGO_VUELO,CODIGO_TRIPULANTE) values (4,1);
Insert into AEROLINEA.TBL_TRIPULACION_X_VUELOS (CODIGO_VUELO,CODIGO_TRIPULANTE) values (4,2);
Insert into AEROLINEA.TBL_TRIPULACION_X_VUELOS (CODIGO_VUELO,CODIGO_TRIPULANTE) values (4,3);
Insert into AEROLINEA.TBL_TRIPULACION_X_VUELOS (CODIGO_VUELO,CODIGO_TRIPULANTE) values (4,4);
REM INSERTING into AEROLINEA.TBL_VUELOS
SET DEFINE OFF;
Insert into AEROLINEA.TBL_VUELOS (CODIGO_VUELO,FECHA_HORA_PARTIDA,FECHA_HORA_LLEGADA,CODIGO_AVION,CODIGO_RUTA) values (1,to_date('01-JUL-15','DD-MON-RR'),to_date('20-AUG-15','DD-MON-RR'),1,1);
Insert into AEROLINEA.TBL_VUELOS (CODIGO_VUELO,FECHA_HORA_PARTIDA,FECHA_HORA_LLEGADA,CODIGO_AVION,CODIGO_RUTA) values (2,to_date('29-AUG-15','DD-MON-RR'),to_date('29-AUG-15','DD-MON-RR'),2,2);
Insert into AEROLINEA.TBL_VUELOS (CODIGO_VUELO,FECHA_HORA_PARTIDA,FECHA_HORA_LLEGADA,CODIGO_AVION,CODIGO_RUTA) values (3,to_date('24-AUG-15','DD-MON-RR'),to_date('11-AUG-15','DD-MON-RR'),3,3);
Insert into AEROLINEA.TBL_VUELOS (CODIGO_VUELO,FECHA_HORA_PARTIDA,FECHA_HORA_LLEGADA,CODIGO_AVION,CODIGO_RUTA) values (4,to_date('17-AUG-15','DD-MON-RR'),to_date('16-AUG-15','DD-MON-RR'),4,4);
Insert into AEROLINEA.TBL_VUELOS (CODIGO_VUELO,FECHA_HORA_PARTIDA,FECHA_HORA_LLEGADA,CODIGO_AVION,CODIGO_RUTA) values (5,to_date('22-AUG-15','DD-MON-RR'),to_date('02-AUG-15','DD-MON-RR'),5,1);
Insert into AEROLINEA.TBL_VUELOS (CODIGO_VUELO,FECHA_HORA_PARTIDA,FECHA_HORA_LLEGADA,CODIGO_AVION,CODIGO_RUTA) values (6,to_date('12-AUG-15','DD-MON-RR'),to_date('10-AUG-15','DD-MON-RR'),3,2);
